{
  "fecha": "2025-12-17 22:31:14.401303",
  "anio": "2020",
  "capital_inicial": 500.0,
  "balance_final": 3774.4019049488898,
  "pnl_total": 3274.4019049488898,
  "pnl_pct": 413.8006131927837,
  "trades": 96,
  "wins": 60,
  "losses": 36,
  "be": 0,
  "winrate": 62.5,
  "profit_factor": 18.13351128193586,
  "max_drawdown": -1.3841337554895112,
  "parametros": {
    "bb_std": 1.5,
    "rsi_oversold": 30,
    "rsi_overbought": 70,
    "sl_pct": 0.015,
    "tp_multiplier": 2.5
  }
}