{
  "fecha": "2025-12-17 22:30:50.916975",
  "anio": "2019",
  "capital_inicial": 500.0,
  "balance_final": 589.5791796792394,
  "pnl_total": 89.57917967923936,
  "pnl_pct": 33.75322531433127,
  "trades": 8,
  "wins": 5,
  "losses": 3,
  "be": 0,
  "winrate": 62.5,
  "profit_factor": 14.649805922247676,
  "max_drawdown": -0.7024479217139733,
  "parametros": {
    "bb_std": 1.5,
    "rsi_oversold": 30,
    "rsi_overbought": 70,
    "sl_pct": 0.015,
    "tp_multiplier": 2.5
  }
}