{
  "fecha": "2025-12-17 22:31:39.250815",
  "anio": "2021",
  "capital_inicial": 500.0,
  "balance_final": 2525.1730309730806,
  "pnl_total": 2025.1730309730806,
  "pnl_pct": 333.9948134499063,
  "trades": 70,
  "wins": 47,
  "losses": 23,
  "be": 0,
  "winrate": 67.14285714285714,
  "profit_factor": 11.187524586212852,
  "max_drawdown": -6.107200313790182,
  "parametros": {
    "bb_std": 1.5,
    "rsi_oversold": 30,
    "rsi_overbought": 70,
    "sl_pct": 0.015,
    "tp_multiplier": 2.5
  }
}