{
  "fecha": "2025-12-17 22:30:28.896674",
  "anio": "2018",
  "capital_inicial": 500.0,
  "balance_final": 4340.782790214802,
  "pnl_total": 3840.782790214802,
  "pnl_pct": 444.6883306834667,
  "trades": 114,
  "wins": 78,
  "losses": 36,
  "be": 0,
  "winrate": 68.42105263157895,
  "profit_factor": 6.029843310196725,
  "max_drawdown": -6.065031459976811,
  "parametros": {
    "bb_std": 1.5,
    "rsi_oversold": 30,
    "rsi_overbought": 70,
    "sl_pct": 0.015,
    "tp_multiplier": 2.5
  }
}