{
  "fecha": "2025-12-15 21:07:20.484388",
  "anio": "2018",
  "capital_inicial": 500.0,
  "balance_final": 1807.7112173990204,
  "pnl_total": 1307.7112173990204,
  "pnl_pct": 264.69649527256104,
  "trades": 68,
  "wins": 49,
  "losses": 19,
  "be": 0,
  "winrate": 72.05882352941177,
  "profit_factor": 5.72537430008042,
  "max_drawdown": -6.065031459976815,
  "parametros": {
    "bb_std": 1.5,
    "rsi_oversold": 30,
    "rsi_overbought": 70,
    "sl_pct": 0.015,
    "tp_multiplier": 2.5
  }
}