{
  "fecha": "2025-12-17 22:32:26.063792",
  "anio": "2023",
  "capital_inicial": 500.0,
  "balance_final": 1905.0488553733596,
  "pnl_total": 1405.0488553733596,
  "pnl_pct": 273.73249938658944,
  "trades": 62,
  "wins": 43,
  "losses": 19,
  "be": 0,
  "winrate": 69.35483870967742,
  "profit_factor": 17.442784920331,
  "max_drawdown": -1.0329031933805963,
  "parametros": {
    "bb_std": 1.5,
    "rsi_oversold": 30,
    "rsi_overbought": 70,
    "sl_pct": 0.015,
    "tp_multiplier": 2.5
  }
}